Caio Hatanaka,aaa555f,caio.hatanaka@fiemt.ind.br,,
PRENORTE IND. DE ARTEFATOS DE CIMENTO LTDA,51690E,rodolfo@prenorte.com.br,sidney@prenorte.com.br; ladm2609@hotmail.com; adm@prenorte.com.br; rodrigo@prepar.ind.br,OK
M M FREITAS & CIA LTDA - EPP,52246E,claudinei@madfreitas.com.br,,OK
Caieira Nossa Senhora da Guia Mineração Ltda,52676E,lucivando@britaguia.com.br,gustavo@britaguia.com.br; silmar@britaguia.com.br; elianesilva@britaguia.com.br,OK
Maze Madeireira Zeni Ltda,52690E,lidi_zeni@hotmail.com,leandro_madzeni@hotmail.com; maze@mazezeni.com.br;,OK
N. Pires da Silva e Silva Ltda.,52719E,francisco.ozuna@bol.com.br,casadasbikes@hotmail.com,
Marques & Caetano Ltda,52727E,aline@grupomarques.com.br,acacio@grupomarques.com.br,
Grafica e Editora Centro Oeste Ltda (A Gazeta),52763E,adenir@gazetadigital.com.br,ismael@gazetadigital.com.br; adair@gazetadigital.com.br;dorileo@gazetadigital.com.br,OK
Gráfica São João Ltda.,52948E,grafikasjoao@gmail.com,,OK
Norsa Refrigerantes S.A.,52954E,leandro.errante@solarbr.com.br,lramos@solarbr.com.br;jfsantos@solarbr.com.br;,OK
Café Camarada Ltda.,53025E,gercino_caetano@hotmail.com,cafecamarada@hotmail.com,OK
USINA BARRALCOOL  S/A,93005E,newton.granja@barralcool.com.br,controladoria@barralcool.com.br.,OK
INDUSTRIA E COMERCIO DE MOVEIS BASSANI LTDA,98339E,aluizio@grupobassani.com.br,alison@grupobassani.com.br; angela@grupobassani.com.br;aluizio.bassani@grupobassani.com.br,OK
MILAN MOVEIS EQUIPAMENTOS E INFORMÁTICA LTDA,98340E,gilmar@milanmoveis.com.br,lazari@milanmoveis.com.br,OK
PROL INDUSTRIA METALURGICA LTDA,98341E,gustavo@prolmoveis.com.br,,OK
MADEIRAS DIEL LTDA,98342E,lucasdiel@uol.com.br,,
LATICINIOS CAJES LTDA,98343E,juridico@cajes.com.br,comercial@cajes.com.br,
L G MADEIRAS LTDA,98344E,lgmads@hotmail.com,,
ORIMAR G C PRADO EPP,98346E,laticiniovr@gmail.com,,
FRIGORIFICO REDENTOR S A,98347E,cicero.florentino@grupobihl.com.br,ronnis.ribeiro@grupobihl.com.br; contabilidade@grupobihl.com.br; cristiano.batista@grupobihl.com.br,
NAVI CARNES INDUSTRIA E COMERCIO LTDA,98349E,luizfernandorodrigues@naturafrig.com.br,,
P A ALIMENTOS LTDA,98350E,rh.beatriz@paoearte.com.br,proencacontabilidade@hotmail.com;rodrigo@paoearte.com.br;contador@paoearte.com.br; erica@paoearte.com.br; ger.operacional@paoearte.com.br;,OK
IMPERIO MINERACOES LTDA GLORIA D OESTE,98351E,avany@calcarioimperio.com.br,,
MORETI MADEIREIRA LTDA EPP,98352E,moreti.fn@hotmail.com,,
VB ALIMENTOS IND E COM LTDA,98354E,contabilidade@grupovb.com.br,contabilidade3@grupovb.com.br;marcelo@grupovb.com.br; cantabilidade3@grupovb.com.br;qualidade@grupovb.com.br; producao@grupovb.com.br,OK
SANTOS GRANDI IND E COM DE MADEIRAS LTDA,98355E,escritoriomariano.rh@hotmail.com,contabilmariano@yahoo.com.br,
MAD DINAMICA IND COM E EXP LTDA ME,98356E,marcusaf@terra.com.br,,
STEEL ENGENHARIA ESTRUTURAL EIRELI,98359E,kenia@steeleng.com.br,,OK
CALCARIO VALE DO ARAGUAIA SA,98362E,carlos.oliveira@gruporoncador.com.br,joao.neto@roncador.com.br; benedito.camargo@gruporoncador.com.br,
BIG BAG BRASIL EMBALAGENS LTDA,98363E,andreia@bigbagbrasil.ind.br,,
0020 BRAVALAT IND E COM DE LAT L,98369E,janemaria@queijosipanema.com.br,,
UNIVERSO INDUSTRIA DE CEREAIS LTDA.,98370E,adm.tiomiro@gmail.com,tiomiro1@hotmail.com,
INDUSTRIA E COM DE MADEIRAS CAEMA LTDA,98371E,escritorio.eco10@gmail.com,,
FRIGORIFICO NUTRIBRAS S/A,98373E,paulo@grupolucion.com.br,contabilidade@nutribrasalimentos.com.br;dinara.caregnatto@nutribrasalimentos.com.br,OK
M D COR INDUSTRIA E COMERCIO DE TINTAS,98375E,felipe@mdcor.com.br,centropolobus@centropolobus.com.br,OK
SP IMPORTACAO E EXPORTACAO DE MADEIRAS L,98376E,spmadeira@hotmail.com,,
D L MADEIRAS,98379E,valdir_exata@hotmail.com,,
VIMALH INDUSTRIA E COMERCIO DE BEBIDAS L,98380E,mauricioaquino28@gmail.com,lucilene.rh@bebidastropical.com.br; caninhatropical@ig.com.br;,
PB BRASIL INDUSTRIA E COMERCIO DE GELATI,98381E,evandro.lima@pbleiner.com.br,elida.gomes@pbleiner.com.br;  jordana.carneiro@pbleiner.com.br;manoel.martins@pbleiner.com.br,OK
NEURA IND. E COM. DE LINGERIE LTDA - ME,98388E,neuralingerie@terra.com.br,,
IGUACU IND. E COM. DE MADS. LTDA - EPP,98390E,iguacu_madeiras@hotmail.com,,
INCOBEMA IND E COM MADEIRAS EIRELI EPP,98391E,douglas_1728@hotmail.com,incobema@terra.com.br;cristina@mabilete.com.br,
CONCREMAX CONCRETO ENG E SANEAMENT,98393E,luizaugusto@concremax.com.br,bruno.carvalho@concremax.com.br; gerente.roo@concremax.com.br; francisco.lima@concremax.com.br; concreto@concremax.com.br,
VITORIA REGIA AGUA MINERAL LTDA (PURISSIMA),98394E,daniel@purissima.com.br,,
JOSE ELPIDIO M CAVALCANTE E CIA LTDA,98395E,ceramicasantarosa-no@hotmail.com,,
GAZIN INDÚSTRIA DE COLCHÕES LTDA,98397E,joel.vecchia@gazin.com.br,,OK
MILANFLEX INDUSTRIA E COMERCIO DE MOVEIS E EQUIPAMENTOS LTDA,98398E,gilmar@milanmoveis.com.br,lazari@milanmoveis.com.br,OK
DESTILARIA DE ALCOOL LIBRA LTDA,100682E,antonio.felizardo@libraetanol.com.br,eli.salgado@libraetanol.com.br; lct@libraetanol.com.br; cet@uol.com.br,OK
BIMETAL IND COM PROD METALURGICOS LTDA,101072E,marinalva.cruz@bipar.eng.br,ladiana.silva@bimetal.eng.br; dp@bimetal.eng.br; virginia.mendes@bimetal.eng.br; waldirene.oliveira@bimetal.eng.br;marinalva.cruz@bimetal.eng.br,
PAP RACOES LTDA,101553E,moyses@pap.ind.br,,OK
REGINALDO LUIZ DE ALMEIDA FERREIRA ME,160873E,mineracaoabdala@hotmail.com,jaqueminabdala@gmail.com;,
SIDNEI RAFAEL DE SOUZA EPP,160874E,tiemaciel_04@hotmail.com,,OK
Extracao de Minerios e Metais Preciosos JR LTDA,160876E,ccrondon_13@hotmail.com,tika_2@hotmail.com,OK
ZOOTECNIA SAL GADO LTDA.,160879E,silvanapancardes@gmail.com,sgcrsag@hotmail.com; zootecniasalgado@hotmail.com,OK
AC Indústria e Comécio de Laticínios LTDA,160880E,financeiro@lactvit.com.br,contabil@lactvit.com.br; comercial@lactvit.com.br,OK
PIANOVSKI IND COM DE CAFE CEREAIS LTDA,160883E,advanderleyp@hotmail.com,cafepianovskimt@gmail.com,OK
Cooperativa Agropecuaria do Noroeste do MT Ltda,160886E,fernando.vieira@lacbom.com,marcos@lacbom.com; marcos.guimaraes448@gmail.com; afadmlacbom@gmail.com; assessoria@lacbom.com;  ione@lacbom.com;,OK
SPERAFICO DA AMAZONIA S/A,160889E,carlos@sperafico.com.br,amazonia@sperafico.com.br; sebastiao@sperafico.com.br; sebastiao@sperafico.com.br,
Agroceres Multimix Nutrição Animal Ltda,160894E,ricardo@agroceres.com,diequison.ribeiro@agroceres.com;,
BOMBONATTO INDUSTRIA DE ALIMENTOS LTDA,160897E,jandersonoliveiras@frigobom.com.br,jandersonoliveira@hotmail.com,
MAROMBI ALIMENTOS LTDA,160899E,alessio@marombi.com,,OK
Reciclagem Ind. Com. Subprodutos do MT LTDA,160903E,fernando.santana@reciclagemvg.ind.br,hudson.oliveira@reciclagemmt.ind.br;adelino.leite@reciclagemmt.ind.br;reciclagem@reciclagemmt.ind.br;welliton.freitas@reciclagemmt.ind.br;pessoal@stilocontabilidade.com.br;rosemeire.costa@reciclagemmt.ind.br;,OK
JBS S/A 10 - FRIGORÍFICO BARRA DO GARÇAS,160907E,gabriel.saboia@friboi.com.br,jorge.luiz@griboi .com.br,
ADM DO BRASIL LTDA,160911E,luis.oliveira@adm.com,eliane.muquem@adm.com;arlon.pizzamiglio@adm.com;,
AGRA AGROINDUSTRIAL DE ALIMENTOS S/A,160912E,marcus.azambuja@agraagroindustrial.com.br,,
Porto Seguro Negócios Empreendimentos e Participações S.A.,160913E,antonio.almeida@upsflex.com.br,luiz.oliveira@upsflex.com.br,
CERVEJARIA PETROPOLIS LTDA,160915E,elcamargo@grupopetropolis.com.br,hmolina@grupopetropolis.com.br; jhungaro@grupopetropolis.com.br; mrcampos@grupopetropolis.com.br;,OK
MAURO ANDRE GUAPO & CIA LTDA,160916E,gerencia@sacariaguapex.com.br,faturamento@sacariaguapex.com.br; ewerton@sacariaguapex.com.br; producao@sacariaguapex.com.br,OK
NATIVA COMERCIO E REPRESENTACOES LTDA,160918E,vilson@gruponativa.com.br,,OK
RM CONFECCOES LTDA,160922E,leonete@rmuniformes.com.br,ricardo@rmuniformes.com.br; fernanda@rmuniformes.com.br;,
BLM INDUSTRIA E COMERCIO DE VESTUARIO LT,160923E,sergio@blm.com.br,sergioblm@hotmail.com; rafaelleblm@hotmail.com,
ARTE MANHA UNIFORMES LTDA - EPP,160925E,idemar@i9uniformes.com,idemarcba@hotmail.com;financeiro@i9uniformes.com;,
S M GIUSTTI DE ARRUDA E CIA LTDA,160926E,stillusu@terra.com.br,apoio.stillus@gmail.com,OK
MASTER UNIFORMES E BRINDES IND COM LTDA,160927E,adm@masteruniformes.com.br,financeiro@masteruniformes.com.br,OK
M P MEDEIROS E CIA LTDA,160929E,mercesnovaolimpia@gmail.com,,OK
MARGONATO & MARGONATO LTDA EPP,160930E,jucelia@margonato.com.br,margonatouniformes@terra.com.br; cristina@margonato.com.br; financeiro@margonato.com.br,
DECADAS IND COM CONFECCOES LTDA ME,160931E,sandrielypp@hotmail.com,escor@terra.com.br,OK
V R T GALANTE,160933E,paulorrgalante@gmail.com,vrtgalante@hotmail.com,
COOPERATIVA DE CRIADORES DE JACARE DO PANTANAL LTDA,160936E,financeiro@coocrijapan.com.br,,
JBS AS,160938E,f.simplicio@jbs.com.br,claudemir.grigoletto@ccr.jbs.com.br,OK
JBS S/A - CURTUME BARRA DO GARÇAS,160939E,alessandro.ramalho@jbs.com.br,,
CURTUME BLUBRAS LTDA,160940E,edson@vancouros.com.br,blubras@blubras.com;rh@blubras.com,
SM - MADEIRAS E LAMINADOS LTDA,160948E,diretoria@smmadeiras.com.br,vendas@smmadeiras.com.br; smmadeiras@smmadeiras.com.br,OK
MADEIREIRA NORTAO LTDA EPP,160950E,aguinaldoartuzo@hotmail.com,nortaomadeiras2010@hotmail.com,
DARDANELLOS IND E COM DE MADEIRAS LTDA M,160952E,mad.zanella@hotmail.com,,
IRACEMA MADEIRAS LTDA,160956E,iracemad@terra.com.br,stmad@terra.com.br,
2 C INDUSTRIA E COMERCIO DE MADEIRAS LTD,160960E,acirlpinto@hotmail.com,rodrigo@eficazsinop.com.br,OK
NAVARRO INDL E COML MADEIREIRA LTDA,160964E,fiscal04@escritoriosorriso.com.br,,OK
BHN MADEIRAS LTDA EPP,160965E,nalvir@live.com,bhnmad@bol.com.br,OK
MADEIREIRA UELLITON LTDA EPP,160967E,katia2412@hotmail.com,,
BRASIL TROPICAL PISOS LTDA,160972E,jcarlos@brasiltropicalpisos.com,pcp@brasiltropicalpisos.com,OK
PALMASOLA S/A MADEIRAS E AGRICULTURA,160974E,palmasola@terra.com.br,fiscal04@escritoriosorriso.com.br;b.cravari@terra.com.br,
COMPENSADOS SAO FRANCISCO LTDA EPP,160979E,saofrancisco@compensadosaofrancisco.com.br,,OK
M. A. DE AMORIM MADEIRAS - ME,160980E,joaoroberto_tolovi@hotmail.com,,OK
GRAFICA MILLENIUM LTDA,160983E,carloseduardo@gazetadigital.com.br,gestaodepessoa@gazetadigital.com.br; elinei@gazetadigital.com.br,
PEREIRA ANTUNES E CIA LTDA EPP,160984E,antunes.diretor@hotmail.com,joannyadmf@graficaantunes.com.br,
NORTOX SA,160992E,osney@nortox.com.br,janaina.costa@nortox.com.br;janaina@nortox.com.br; adriano.dias@nortox.com.br; tiene@nortox.com.br;rh@nortox.com.br,
RAYTAK IND.DE ARTEFATOS DE BORRACHA LTDA,160993E,alessandro@raytak.com.br,rh@drebor.com.br;compras@drebor.com.br; talentos@drebor.com.br,
RECUPERADORA DE PNEUS LODI LTDA,160996E,nessa_lodi@hotmail.com,lodi@pneuslodi.com.br; cadastro@pneuslodi.com.br; contas@pneuslodi.com.br,
RECAPADORA DE PNEUS SINOP LTDA,160997E,luciene.rps@hotmail.com,valdir.nardi@terra.com.br; carlostrombeta@terra.com.br;r.sinop@terra.com;,
Globalmax Industria Plastica Ltda,160998E,jcurvo@terra.com.br,kennedy@maxvinil.com.br; wagner.cavalcanti@globalmax.com.br; fabiano.medeiros@globalmax.com.br;,OK
PLASMEL IND E COM DE PLASTICOS LTDA,161001E,reginaldo@plasmel.com.br,valmir@plasmel.com.br; financeiro@plasmel.com.br,
VIDEPLAST EMBALAGENS PLASTICAS LTDA,161003E,fabio.guarnieri@videplast.com.br,maicon.deon@videplast.com.br,OK
VOTORANTIM CIMENTOS BRASIL S A,161013E,cesar.moreira@vcimentos.com.br,orlando.silva@vcimentos.com.br; joao.pacheco@vcimentos.com,
PREMOLDADOS E TRANSPORTES ZORTEA LTDA,161015E,rafael.bessa@premoldadoszortea.com.br,marcelo.silva@premoldadoszortea.com.br;ennes@zortea.com.br;tathyane.guerra@premoldadoszortea.com.br;leandro.girao@zortea.com.br,
TRAEL TRANSFORMADORES ELETRICOS LTDA,161018E,dimasyamanaka@trael.com.br,marinaldosantos@trael.com.br; masayukiuezato@trael.com.br; selecao@trael.com.br; trael@trael.com.br; rh@trael.com.br; sac01@trael.com.br; carolinefeniman@trael.com.br,OK
BRENCO COMPANHIA BRASILEIRA DE ENERGIA RENOVÁVEL,161020E,luis.gaiao@odebrecht.com,fabiane.costenaro@atvos.com,
AGROPECUARIA NOVO MILENIO LTDA,161022E,osmarantunes@cooperb.com.br,gerencia@destilarianovomilenio.com.br;cooperb@cooperb.com.br;contabilidade@cooperb.com.br;,OK
DURLICOUROS IND COM COUROS EXP IMP LTDA,170012E,leandro.campaner@durlicouros.com.br,,
CURTUME ARAPUTANGA SA,170141E,cicero.florentino@grupobihl.com.br,contabilidade@grupobihl.com.br,
REFRIGERANTES MARAJA SA,170480E,gerenciageral@marajarefrigerantes.com.br,maraja07@terra.com.br,OK
NUTRIFRIGO ALIMENTOS LTDA,170796E,claudio@nutrifrigo.com.br,,
PEDREIRA TANGARA LTDA,170941E,alice@fogliatto.com.br,jean@fogliatto.com.br; concreto2@fogliatto.com.br,OK
USINAS ITAMARATI SA,170942E,flavia.dias@uisa.com.br,,
NATURAL PORK ALIMENTOS S.A,171053E,adriana.granja@excelenciamt.com.br,rosilene.lenzi@excelenciamt.com.br; financeiro@excelenciamt.com.br; marcelo.b@excelenciamt.com.br; rayane.duarte@excelenciamt.com.br; claudir@excelenciamt.com.br;,
CERAMICA SANTO ANDRE LTDA,171194E,ceramicapaulodcc@gmail.com,,OK
ARTE PAES E DOCES,290106E,escritorioartepaes@hotmail.com,artepaes@hotmail.com,
TRANSTERRA MIN E MAT P CONSTRUCAO  EIRELI - EPP,290311E,carolina.rocha@transterrasinop.com.br,transterra@transterrasinop.com.br,OK
CERAMICA BELA VISTA LTDA,290679E,ceramicabelavistaeentrerios@hotmail.com,,
MARQUES & CAETANO LTDA,290733E,aline@grupomarques.com.br,darci@grupomarques.com.br,
ECOPLAN MINERACAO LTDA,290792E,ricardo@ecoplan.com.br,benvindo@ecoplan.com.br; diego.ferreira@ecoplan.com.br;,
BIOCAMP IND COM IMP EXP DE BIODIESEL LTD,290872E,rodrigo.goncalves@jbs.com.br,pedro.filho@jbs.com.br;rodrigo.goncalves@jbs.com.br;rodrigo.goncalves@bcv.jbs.com.br; micheli.amorim@bcv.jbs.com.br; janaina.rittes@bcv.jbs.com.br; marcelo.grapiglia@jbs.com.br;janaina.rittes@jbs.com.br,OK
CURTUME JANGADAS S A,290984E,cicero.florentino@grupobihl.com.br,ronnis.ribeiro@grupobihl.com.br; contabilidade@grupobihl.com.br; cristiano.batista@grupobihl.com.br,
INDUSTRIA FRIGORIFICA VALE DO TELES PIRES,291013E,uelbis.p@gmail.com,frig.alvorada@hotmail.com; dkescala@terra.com.br,
NX GOLD,291051E,decio.carvalho@nxgold.com.br,decio.carvalho@minacaraiba.com,
PREMIER INDUSTRIA DE PRODUTOS DE LIMPEZA,291295E,sheila.veroneze@gtexbrasil.com.br,ton.ranchel@gtexbrasil.com.br,OK
FA INDUSTRIA E COMERCIO DE ALIMENTOS EIRELLI - ME,291459E,rhalaska@terra.com.br,s.alaska@terra.com.br; comprasalaska@terra.com.br;qualidade@alaskasorvetes.com.br,OK
BRITO SIQUEIRA E CIA LTDA,291799E,anapaulapachecos@hotmail.com,,
COOPERBEM - COOP. DE BENEF. DE ALGODAO D,291892E,gilmar@cooperbem.com.br,dirlei@cooperbem.com.br; dioni@cooperbem.com.br,
FIAGRIL LTDA,292286E,luiz.gury@fiagril.com.br,rogerio.gomes@fiagril.com.br; rodrigo.gil@fiagril.com.br; jaime@fiagril.com.br; miguelvaz@fiagril.com.br;henrique@fiagril.com.br;amanda.figueiredo@fiagril.com.br,OK
AGUAS LEBRINHA LTDA,292404E,rodolfo@lebrinha.com.br,logistica@lebrinha.com.br;thiago@lebrinha.com.br; flavia@lebrinha.com.br; comercial@lebrinha.com.br,
MT INDUSTRIA QUIMICA LTDA ME,292517E,aline.magropar@hotmail.com,vendas.magropar@hotmail.com,
FUGA E PANORAMA INDÚSTRIA DE COUROS LTDA,292717E,gilmar@fugaepanorama.com.br,gilmar@curtumepanorama.com.br,OK
CONTINI & CIA LTDA,292758E,andrecontini@acometal.com; ,,
VALE DO JURUENA AGROFLORESTAL LTDA,292954E,diretoria@valedojuruena.com.br,,
MORRINHO MINERACAO LTDA,293167E,mauro@fomentas.com.br,,
LOUIS DREYFUS COMMODITIES BRASIL SA,293241E,dhalylla.souza@ldc.com,alexandre.nascimento@ldc.com,OK
MITSUI ALIMENTOS LTDA,293250E,marcelodomingos@3corações.com.br,wanessacruvinel@3coracoes.com.br,OK
MADEIREIRA PARANORTE LTDA EPP,293432E,albenedet@hotmail.com,ricardobianchin2009@hotmail.com,OK
CAPEK IND E COM DE MADEIRAS LTDA,293755E,capekmadeiras@gmail.com,,
NC DA SILVA EIRELLI EPP,293880E,ceramicadenise@gmail.com,suzi.pinheiro@hotmail.com.br;sandraborean@hotmail.com;,
INCOMAL IND E COM DE MOV ANAT LTDA,294004E,financeiro@incomalanatomicos.com.br,comercial@incomalanatomicos.com.br; mmmolin@uol.com.br,
RECAPADORA DE PNEUS ESTRELA LTDA,294106E,recapadoraestrela@terra.com.br,,
CAMIL - CACERES MINERACAO LTDA.,403525E,luiz.campolim@grupoemal.com.br,rh@grupoemal.com.br;administrativo@grupoemal.com.br,OK
CERAMICA DOIS IRMAOS LTDA,403526E,nilson_magio@hotmail.com,rh2irmaos@hotmail.com; financeiroceramica2irmaos@hotmail.com,
METALURGICA CRISTAL LTDA - EPP,403527E,francieli@mcristal.com.br,,OK
C GONCALVES COELHO & CIA LTDA ME,403532E,graficafreitas@hotmail.com,graficafreitas.fiscal@hotmail.com,
BLIND LUX INDUSTRIA E COMERCIO DE PERSIANAS LTDA,403536E,jr@blindlux.com.br,patriciavendas@blindlux.com.br; sidneimt@blindlux.com.br;,OK
PROPEDIA INDUSTRIA E COMERCIO IMPORTACAO,403537E,gerencia@propedia.com.br,administrativo@propedia.com.br,
OSMAR DA CRUZ FIGUEIREDO EIRELI,403539E,financeiro@brindesparanagrafica.com.br,,
AUGE PERSIANAS,403540E,debora@augepersianas.com.br,financeiro@augepersianas.com.br,OK
FERMAT INDUSTRIA E COMERCIO DE PERFIS LT,403542E,renato.fernandes@fermat.com.br,diretoria@fermat.com.br; contabilidade@fermat.com.br; fermattj@fermat.com.br; eng.thiago@fermat.com.br,
META EXTINTORES LTDA,403545E,metaextintores@hotmail.com,metaextintores01@hotmail.com; metaextintores02@hotmail.com,
G B MARQUES PEREIRA ME,403550E,genesisbarbara@hotmail.com,fatoconcursos@gmail.com; rh@fatoconcursos.com.br; adm@fatoeducacional.com.br,
GENUS EDITORA GRAFICA E COMERCIO LTDA,403551E,financeiro@genus.com.br,faturamento@genus.com.br,OK
MADEIREIRA DE IRMAOS PAULINO LTDA EPP,403556E,rodrigomajal@hotmail.com,ismaelantonio12@hotmail.com;majalmadeireira@yahoo.com.br,
NUTRIVERDE IND. COM. IMP. EXPORT. LTDA,403561E,elio.pivetta@adubosnutriverde.com.br,amilton@adubosnutriverde.com.br; vanderlei@adubonutriverde.com.br,OK
MERLEONY INDUSTRIALIZADOS DE MADS. LTDA,403562E,marciomerleony@hotmail.com,orconteccontabil@hotmail.com,
OURINHOS MINERACAO LTDA ME,403570E,tika_2@hotmail.com,ccrondon_13@hotmail.com,OK
SOCIEDADE IMPRESSORA SOUZA LTDA,403575E,samuel@atribunamt.com.br,aroldojr@atribunamt.com.br; coordenacao.administrativa@atribunamt.com.br,OK
CAIBIENSE GRAN VITA LTDA,403578E,patricia@caibiense.com,biodiesel@caibiense.com; joel@caibiense.com; carlosmartins@caibiense.com;rizzieritintastnn@gmail.com,
kingspan Isoeste Constutivos Isotermicos S/A,403579E,eduardo.morais@kingspanisoeste.com.br,,OK
TRIOL INDUSTRIA QUIMICA LTDA EPP,403584E,darci@triol.com.br,katia@triol.com.br; marcos@triol.com.br,OK
SK MADEIRAS LTDA,403586E,zicosinop@hotmail.com,zicomadeiras@hotmail.com,OK
CLAUDIO ELI AMOROSO E SILVA EPP,403587E,claudio@netgraf.com.br,netgraf@netgraf.com.br;financeiro@netgraf.com.br;graficaimprima2010@hotmail.com,
CALCARIO TANGARA INDUSTRIA E COMERCIO LTDA,403592E,renal@calcariotangara.com.br,renal.silva@hotmail.com; saviosan@hotmail.com,OK
RIZZIERI TINTAS LTDA EPP,403593E,edirizzi@hotmail.com,rizzieritintascompras@hotmail.com;lilirizzi@hotmail.com;rizzieritintastnn@gmail.com,
COMERCIO DE MOVEIS TITON ME,403595E,comerciodemoveistiton@outlook.com,,
CERAMICA BARUC LTDA EPP,403597E,ceramicabaruc@gmail.com,,OK
M TRENTINI ME,403600E,financeiro.mt@lonilborrachas.com.br,,
PRATICLAR IND COM EXPORTACAO DE PRODUTOS,403601E,praticlar@hotmail.com,,
J BATISTA DA SILVA GRAFICA ME,403603E,anacelia.jbgrafica@gmail.com,jbgrafica@terra.com.br,
PLASMUNDI IND. E COM. DE EMBALAGENS LTDA,403604E,leandro@plasmundimt.com.br,plasmundi@yahoo.com.br;caio@plasmundimt.com.br;,
RODRICOUROS INDUSTRIA E COMERCIO DE COUR,403606E,vanessacarla@gmail.com,rodricouros@gmail.com,OK
BIOPAR PRODUCAO DE BIODIESEL PARECIS LTDA,403609E,contabilidade@bioparmt.com.br,william@bioparmt.com.br;pedro@bioparmt.com.br,OK
COOPERFISH COOP MISTA DE PISCICULTU,5199801E,alcrozet@gmail.com,cooperfishpva@hotmail.com;dinamicacontabeis@terra.com.br,OK
MJ INDUSTRIA DE NUTRICAO ANIMAL LTD,5199802E,alessandro@mjnutricaoanimal.com.br,,
ELENIR V COPETTI KERN ME,5199803E,cheirodemarmt@hotmail.com,,
MGM AGROFLORESTAL INDUSTRIAL E E,5199804E,gilbertomgm@mgmagro.com.br,mgm@mgmagro.com.br,
J L DE LARA CUNHA EPP,5199805E,viegas_marcio@yahoo.com.br,,
BIO OLEO INDUSTRIA E COMERCIO DE BIOCOMB,5199806E,maico_colla@hotmail.com,administrativo@biooleobiodiesel.com.br,
CERAMICA RIO BRANCO LTDA - ME,5199807E,ceramicariobrancopl@gmail.com,,
Mineração do Vale - EIRELI - ME,5199808E,plmlucas@hotmail.com,financeiro@grupoferrana.ind.br,
ZEFERINO & CIA LTDA,5199810E,financeiro@tratormat.com.br,,
FRIGORIFICO MACHADO LTDA 3419 112,5199811E,admgrupomachado@ramachado.com.br,,
DELICIOUS FISH AGROIND E COM DE PESCADOS LTDA,5199812E,tiagosaraiva@deliciousfish.com.br,,
NATURAFRIG ALIMENTOS LTDA,5199814E,alexandregeres@naturafrig.com.br,jessicaboeri@naturafrig.com.br,
